"chrom","start","end","enhancerStrength"
"chr6",30381286,30381786,0.704489696607459
"chr6",30861821,30862321,0.684016194271524
"chr6",31128108,31128608,0.824768092523271
"chr6",31272925,31273425,0.722990148408739
"chr6",31660843,31661343,0.899447694011058
