"chrom","start","end","enhancerStrength"
"chr6",30323480,30323980,0.404498550824874
"chr6",30378168,30378668,0.707678429322854
"chr6",31126907,31127407,0.452504395870757
"chr6",31156328,31156828,0.404574731408027
"chr6",31663221,31663721,0.696168320337265
