"chrom","start","end","enhancerStrength"
"chr8",128841410,128841460,0.6857430125298
"chr8",128945157,128945207,0.948294881220192
"chr8",129117996,129118046,0.978671035703113
"chr8",129324719,129324769,0.688439923582775
"chr8",129330390,129330440,0.881014385910445
