"chrom","start","end","enhancerStrength"
"chr1",21711,21761,0.699131407864076
"chr1",54445,54495,0.901193455312435
"chr1",79877,79927,0.892057084086035
"chr1",125434,125484,0.698076932819842
"chr1",173176,173226,0.970467907560376
