"chrom","start","end","enhancerStrength"
"chr1",34724,34774,0.645573598943859
"chr1",43300,43350,0.843799514939917
"chr1",85117,85167,0.920712527250685
"chr1",120698,120748,0.705909919512395
"chr1",128718,128768,0.856728185222913
