"chrom","start","end","enhancerStrength"
"chr1",114191,114241,0.982099006377099
"chr1",162164,162214,0.706809482870986
"chr1",177806,177856,0.715074572410936
"chr1",760138,760188,0.622578285483215
"chr1",989040,989090,0.583935074683878
